x,y,qz,qw
0.00,0.00,0.001,0.99
2.28,0.0,0.001,0.99
4.49,-0.00,0.001,0.99 
7.61,0.78,-0.279743,0.96
12.11,0.58,0.96,-0.28
6.52,-2.81071,0.91,0.41
2.28,0,0.001,0.0

